COMPANY NAME ,WEBSITE,LOCATION,SEGEMENT,WHAT THEY MAKE ,REVENUE BAND,DECISION MAKER,C1 MANUFACTURER ,C1 EVIDENCE,C2 INDIA BASED,C3 DIFFERENTIATED,C3 EVIDENCE ,C4 TECHNICAL DM,C4 EVIDENCE,C5 GROWING SECTOR,C5 EVIDENCE,C6 GROWTH SIGNALS ,C6 EVIDENCE,FEDERER SCORE ,OVERALL VERDICT,PERSONALIZATION HOOK,FAIL REASONS 
Neeradi Biosciences Private Limited,https://neeradibiosciences.in/,"Tarnaka, Secunderabad, Hyderabad","Biotechnology, Pharmaceutical Research, Preclinical CRO, Research Services","Preclinical studies, molecular biology services, research training, analytical testing, biotech workshops",under ₹1 Cr,Dr. Neeradi Dinesh,Bad Fit -They appear to provide research and preclinical services rather than large-scale manufacturing.,"Services include toxicity studies, PCR, gene expression, HPLC, and research support",Strong Fit -Hyderabad-based Indian biotech company,"Low Fit-No clear evidence yet of patented biologics, proprietary platform tech, biosimilars pipeline, or differentiated deep-tech products.","Bio-Pharma Elite workshops, molecular biology focus, academic-industry bridge positioning","Moderate-Biosciences itself is technically complex, but there’s limited proof of advanced biologics engineering, GMP biologics scale-up, or sophisticated R&D operations publicly available.","PCR, gene expression, HPLC, toxicity studies, infectious disease research background","Moderate Fit- Newly incorporated in 2025, so growth stage exists, but there’s limited operational history or financial scale yet.",Recently incorporated active company,"Low-Moderate -Moderate-Public workshops, research visibility, founder credibility, academic engagement, and skill-development initiatives indicate ecosystem-building efforts.","CCMB/NIPER background, pharma interviews, Bio-Pharma Elite initiative.",50 - Low Fit,Low Fit for Federer right now.,Emerging Hyderabad-based biosciences company operating in India’s growing biotech ecosystem.,
SMS Pharmaceuticals,https://www.smspharma.com,"Jeedimetla, Hyderabad",APIs + formulations,Bulk drugs + formulations,"₹500–₹1,500 Cr",D. Madhusudhan Reddy – MD,Moderate Fit – API and bulk drug manufacturing company producing active pharmaceutical ingredients and intermediates,GMP-compliant API manufacturing with validated production facilities supplying regulated and semi-regulated markets,Strong Fit – India-based pharmaceutical manufacturing company operating from Hyderabad’s pharma ecosystem,Moderate Fit – API and formulation manufacturing with limited differentiation beyond standard generic pharmaceutical production,Standard API and formulation portfolio with limited presence in high-barrier specialty pharmaceutical segments,Moderate Fit – API and formulation manufacturing involving standard pharmaceutical process engineering and regulatory compliance systems,"Pharmaceutical manufacturing involving formulation engineering, GMP production systems, and standard process validation requirements",Strong Fit – CRAMS and outsourced pharmaceutical services sector experiencing rapid global growth driven by increasing R&D outsourcing,Increasing global outsourcing of pharmaceutical R&D and manufacturing services driving rapid CRAMS sector expansion,Strong Fit – Increasing CRAMS partnerships and global outsourcing contracts driving expansion in research and manufacturing capacity,Increasing global CRAMS partnerships and outsourced pharmaceutical projects supporting expansion of manufacturing and R&D operations,74 – Moderate Fit,Moderate Fit for Federer right now,Strong Hyderabad pharma manufacturing presence with steady growth potential,
Suven Pharmaceuticals,https://www.suven.com,"Bachupally / Medchal belt, Hyderabad",CRAMS / specialty pharma services,CRAMS + specialty pharma services,"₹1,000–₹3,000 Cr",Venkat Jasti – Chairman,Moderate Fit – Contract research and manufacturing services company providing drug development and specialty chemical manufacturing,"End-to-end CRAMS capabilities including process development, scale-up, and contract manufacturing for global pharma clients",Strong Fit – India-based CRAMS and specialty pharma services company headquartered in Hyderabad,Strong Fit – CRAMS-focused pharmaceutical services with specialized drug development and contract manufacturing capabilities,Specialized CRAMS operations supporting outsourced drug development and manufacturing for pharma clients,"Strong Fit – CRAMS operations involving multi-stage drug development, process transfer, and scale-up engineering complexity","Multi-stage CRAMS process development involving scale-up engineering, process transfer, and specialized pharmaceutical manufacturing systems",Moderate Fit – Vaccine and biologics sector growing steadily due to increasing healthcare and immunization demand,Growing global demand for vaccines and biologics supported by preventive healthcare and immunization programs,Moderate Fit – Expansion of vaccine and biologics production capacity supported by growing healthcare demand,Expansion of vaccine and biologics production capacity driven by rising healthcare and immunization demand,76 – Moderate Fit,Moderate Fit for Federer right now,Specialized CRAMS capabilities aligned with global pharma outsourcing trends,
Virchow Biotech,https://www.virchowbiotech.com,"Genome Valley (Shameerpet), Hyderabad",Biotechnology (vaccines + biologics),Vaccines + biologics,"₹1,000–₹3,000 Cr",Dr. K. Anand Kumar – MD,Moderate Fit – Vaccine and biologics manufacturer producing immunological and fermentation-based biological products,Fermentation-based vaccine production with validated biologics manufacturing infrastructure,Strong Fit – India-based biotechnology company operating within Hyderabad’s Genome Valley biotech cluster,Moderate Fit – Vaccine and biologics manufacturing with moderate differentiation in regional biotech markets,Vaccine and biologics production supported by regulated biotech manufacturing infrastructure,Moderate Fit – Biologics and vaccine production involving controlled bioprocessing and fermentation-based manufacturing systems,Biologics and vaccine manufacturing involving controlled fermentation systems and regulated bioprocess engineering,Moderate Fit – Immunological products sector supported by stable government healthcare and vaccination programs,Stable long-term demand for immunological products supported by national healthcare and vaccination initiatives,Moderate Fit – Stable growth through continued government immunization supply programs and healthcare initiatives,Stable long-term production growth supported by ongoing government vaccination and healthcare programs,78 – Moderate Fit,Moderate Fit for Federer right now,Growing biotech and vaccine manufacturing player within Genome Valley ecosystem,
Indian Immunologicals Limited,https://www.indimmune.com,"Gachibowli / Genome Valley, Hyderabad",Biotechnology (vaccines + immunologicals),Vaccines + immunological products,"₹1,000–₹2,500 Cr",Dr. K. Anand Kumar – MD,Moderate Fit – Vaccine manufacturer producing immunological and biological products for public health programs,WHO-GMP compliant vaccine manufacturing supporting national immunization and public health programs,Strong Fit – India-based vaccine and immunological products manufacturer with operations in Hyderabad,Moderate Fit – Immunological product manufacturing with strong domestic relevance but limited global differentiation,Established immunological manufacturing capabilities primarily focused on domestic healthcare programs,Moderate Fit – Vaccine manufacturing involving immunological formulation processes and regulated biological production systems,Immunological product manufacturing involving biological process control and vaccine production infrastructure,Moderate Fit – Biotech vaccine sector expanding through rising infectious disease awareness and biologics demand,Expansion of biotech vaccine demand driven by infectious disease preparedness and biologics market growth,Moderate Fit – Increasing investment in biotech vaccine manufacturing and biologics production infrastructure,Increasing investment in biotech vaccine infrastructure and biologics manufacturing capabilities,79 – Moderate Fit,Moderate Fit for Federer right now,Established immunological manufacturing supporting healthcare and vaccine demand,
Shantha Biotechnics,https://www.shanthabiotech.com,"Genome Valley, Hyderabad",Biotechnology (vaccines),Vaccines,"₹500–₹1,500 Cr",Sanofi India leadership,Moderate Fit – Biotechnology company producing vaccines using biologics and fermentation-based systems,Biologics production using fermentation technology and regulated biotech manufacturing systems,Strong Fit – India-based biotech vaccine manufacturing company located in Hyderabad’s biotech hub,Moderate Fit – Biotech vaccine production with moderate differentiation under an established multinational structure,Biotech vaccine manufacturing supported by fermentation-based biologics production systems,Moderate Fit – Biotech vaccine production using fermentation technology and controlled biological manufacturing infrastructure,Fermentation-based biotech vaccine production using regulated biologics manufacturing and controlled bioprocess systems,Low Fit – Commodity bulk drug sector growing slowly due to high competition and pricing pressure,Commodity bulk drug demand supported mainly by cost-driven pharmaceutical manufacturing and outsourcing trends,Low Fit – Incremental bulk drug production expansion driven mainly by cost-based outsourcing demand,Incremental bulk drug manufacturing expansion supported by pharmaceutical outsourcing demand,78 – Moderate Fit,Moderate Fit for Federer right now,Biotech vaccine production backed by Hyderabad’s expanding life sciences ecosystem,
Maithri Drugs,https://www.maithridrugs.com,"Medchal / Genome Valley belt, Hyderabad",APIs (bulk drugs),Bulk drugs,₹300–₹900 Cr,Not publicly disclosed,Moderate Fit – Bulk drug manufacturer producing active pharmaceutical ingredients using chemical synthesis,Industrial-scale chemical synthesis infrastructure supporting bulk drug and API production,Strong Fit – India-based bulk drug manufacturing company operating from Hyderabad,Low Fit – Commodity bulk drug manufacturing with limited product differentiation and high market competition,Commodity API production with limited specialization in differentiated or high-value pharmaceutical molecules,Low Fit – Standard bulk drug synthesis involving conventional chemical manufacturing and industrial reaction processes,Conventional bulk drug synthesis involving industrial chemical reaction control and standard process engineering systems,Moderate Fit – Sterile injectable market expanding through increased hospital and biologics-based treatments,Rising demand for sterile injectables driven by hospital-based treatments and biologics adoption,Moderate Fit – Expansion of sterile injectable manufacturing lines driven by rising hospital therapy demand,Expansion of sterile injectable production lines driven by increasing hospital and biologics therapy usage,72 – Moderate Fit,Moderate Fit for Federer right now,Reliable bulk drug manufacturing presence serving generic pharmaceutical markets,
Aspiro Pharma,https://www.aspiropharma.com,"Patancheru, Hyderabad",Injectables (sterile pharma),Sterile injectables,"₹500–₹1,200 Cr",Not publicly disclosed,Moderate Fit – Sterile injectable manufacturer producing injectable drug formulations under aseptic conditions,Aseptic manufacturing facilities with sterile processing systems for injectable drug production,Strong Fit – India-based sterile injectable pharmaceutical manufacturer headquartered in Hyderabad,Moderate Fit – Sterile injectable manufacturing with moderate differentiation through aseptic production capability,Sterile injectable manufacturing supported by aseptic processing and controlled production environments,Moderate Fit – Sterile injectable manufacturing requiring aseptic processing and contamination-controlled production environments,"Sterile injectable production involving aseptic processing, contamination control, and validated sterile manufacturing environments",Low Fit – Generic oral formulations sector growing steadily but facing strong competition and pricing pressure,Steady growth in generic oral formulations driven by increasing chronic disease prevalence and healthcare access,Low Fit – Gradual increase in generic formulation production capacity for domestic pharmaceutical markets,Gradual increase in generic formulation manufacturing capacity for domestic and semi-regulated pharmaceutical markets,73 – Moderate Fit,Moderate Fit for Federer right now,Sterile injectable manufacturing capability in a rapidly growing hospital therapy segment,
Lee Pharma,https://www.leepharma.com,"Jeedimetla / Medchal, Hyderabad",Generic formulations,Generic medicines,"₹300–₹1,000 Cr",K. Satyanarayana Reddy – MD,"Moderate Fit – Generic pharmaceutical company producing tablets, capsules, and oral solid dosage forms",Standardized formulation manufacturing systems for oral solid dosage forms with regulatory compliance,Strong Fit – India-based generic pharmaceutical company with manufacturing operations in Hyderabad,Low Fit – Generic oral formulation manufacturing with limited differentiation in highly competitive markets,Generic formulation manufacturing focused mainly on conventional oral dosage pharmaceutical products,Low Fit – Oral solid dosage manufacturing involving conventional tablet and capsule formulation systems,Tablet and capsule manufacturing involving conventional oral solid dosage formulation and pharmaceutical quality systems,Low Fit – Commodity API and intermediate sector experiencing moderate growth through global outsourcing demand,Growing API intermediate demand supported by global pharmaceutical outsourcing and supply chain diversification,Low Fit – API intermediate production expansion supported by global pharmaceutical supply chain diversification,API intermediate production expansion supported by global supply chain diversification strategies,70 – Moderate Fit,Moderate Fit for Federer right now,Consistent generic pharmaceutical manufacturing with stable domestic market demand,
Virupaksha Organics,https://www.virupaksha.com,"Jeedimetla, Hyderabad",API manufacturing,API intermediates,₹200–₹800 Cr,Not publicly disclosed,Moderate Fit – API manufacturer producing chemical intermediates and active pharmaceutical ingredients,Multi-step organic synthesis processes for production of high-purity pharmaceutical intermediates,Strong Fit – India-based API manufacturing company operating within Hyderabad’s pharma cluster,Low Fit – API intermediate manufacturing focused on commodity chemical synthesis processes,Intermediate and API manufacturing based largely on standard chemical synthesis operations,Low Fit – API intermediate synthesis involving standard organic chemical manufacturing processes,API intermediate manufacturing involving multi-step organic synthesis and industrial chemical processing operations,Low Fit – Bulk drug manufacturing sector supported mainly by cost-driven pharmaceutical outsourcing trends,Bulk drug manufacturing growth supported by rising demand for affordable pharmaceutical ingredients,Low Fit – Bulk drug manufacturing capacity growth linked to rising generic pharmaceutical demand,Bulk drug production growth linked to increasing demand for affordable pharmaceutical ingredients,71 – Moderate Fit,Moderate Fit for Federer right now,API manufacturing operations benefiting from pharma supply chain diversification,
Rakshit Drugs,https://www.rakshitdrugs.com,"Jeedimetla, Hyderabad",API manufacturing,Bulk drugs,₹100–₹400 Cr,Not publicly disclosed,Moderate Fit – Bulk drug manufacturer producing industrial-scale active pharmaceutical ingredients,Large-scale chemical production systems supporting bulk drug manufacturing and export supply chains,Strong Fit – India-based bulk drug manufacturer with production facilities in Hyderabad,Low Fit – Bulk drug manufacturing with limited specialization beyond standard API production,Bulk drug production focused on large-scale commodity pharmaceutical ingredient manufacturing,Low Fit – Bulk drug manufacturing involving conventional industrial-scale chemical synthesis operations,Bulk drug manufacturing involving large-scale industrial chemical synthesis and production optimization systems,Low Fit – Generic pharmaceutical formulations market growing through rising domestic healthcare demand,Increasing domestic and emerging-market demand for generic pharmaceutical formulations,Low Fit – Expansion of oral solid dosage manufacturing for domestic and semi-regulated markets,Expansion of oral solid dosage manufacturing to support growing generic medicine demand,69 – Moderate Fit,Moderate Fit for Federer right now,Industrial-scale bulk drug manufacturing supporting affordable pharma production,
Pulse Pharmaceuticals,https://www.pulsepharma.com,"Patancheru, Hyderabad",Formulations (tablets + capsules),Tablets + formulations,₹300–₹800 Cr,Not publicly disclosed,Moderate Fit – Pharmaceutical company producing generic oral solid dosage formulations,Tablet and capsule manufacturing systems with controlled formulation and quality assurance processes,Strong Fit – India-based pharmaceutical formulations company headquartered in Hyderabad,Low Fit – Generic pharmaceutical formulations with low differentiation and strong market competition,Conventional generic pharmaceutical manufacturing with limited product or technology differentiation,Low Fit – Generic formulation manufacturing involving standard pharmaceutical production and quality control systems,Generic formulation manufacturing involving standard pharmaceutical formulation development and production controls,Moderate Fit – Integrated pharma manufacturing sector benefiting from combined API and formulation outsourcing demand,Integrated pharma manufacturing growth supported by outsourcing demand for APIs and formulations,Moderate Fit – Growth in integrated API and formulation manufacturing supported by outsourcing opportunities,Integrated API and formulation manufacturing expansion supported by rising pharmaceutical outsourcing opportunities,68 – Moderate Fit,Moderate Fit for Federer right now,Established formulations manufacturer serving growing generic medicine demand,
Rakshit Drugs,https://www.rakshitdrugs.com,"Jeedimetla, Hyderabad",Bulk Drugs / APIs,Active pharmaceutical ingredients,₹100–₹400 Cr,Management Team,Low Fit – Bulk drug manufacturing company producing active pharmaceutical ingredients,Industrial-scale API manufacturing serving domestic pharmaceutical markets,Strong Fit – India-based pharmaceutical manufacturing company operating from Hyderabad,Low Fit – Commodity API manufacturing with limited product differentiation,Commodity pharmaceutical ingredient portfolio with limited specialty pharma exposure,Low Fit – Conventional API manufacturing involving standard industrial chemical synthesis systems,Industrial chemical synthesis systems supporting standard API manufacturing operations,Low Fit – Commodity API market growing slowly due to pricing pressure and competition,API demand supported mainly by cost-efficient pharmaceutical manufacturing requirements,Low Fit – Incremental expansion in API manufacturing capacity supporting domestic demand,Expansion of API production systems supporting stable pharmaceutical demand,55 – Low Fit,Low Fit for Federer right now,Commodity API manufacturer serving Hyderabad’s domestic pharmaceutical supply ecosystem,
Virupaksha Organics,https://www.virupaksha.com,"Jeedimetla, Hyderabad",APIs + Intermediates,API intermediates and bulk drugs,₹200–₹800 Cr,Management Team,Low Fit – API and intermediate manufacturing company focused on chemical synthesis operations,Chemical synthesis operations supporting API intermediate production,Strong Fit – India-based API manufacturing company headquartered in Hyderabad,Low Fit – Intermediate manufacturing focused mainly on conventional pharmaceutical chemicals,Conventional API intermediate production with limited differentiation in global markets,Low Fit – Intermediate chemical production involving routine pharmaceutical synthesis operations,Multi-step chemical processing operations for pharmaceutical intermediates,Low Fit – API intermediate sector dependent on cost-driven pharmaceutical outsourcing demand,Global outsourcing trends supporting demand for low-cost pharmaceutical intermediates,Low Fit – Gradual increase in intermediate production aligned with outsourcing trends,Increasing pharmaceutical intermediate production aligned with outsourcing requirements,60 – Low Fit,Low Fit for Federer right now,API intermediate manufacturing company aligned with cost-driven pharmaceutical outsourcing demand,
Lee Pharma,https://www.leepharma.com,"Jeedimetla / Medchal, Hyderabad",Generic Formulations,Generic medicines and oral formulations,"₹300–₹1,000 Cr",K. Satyanarayana Reddy – MD,Low Fit – Generic pharmaceutical company producing oral solid dosage formulations,Generic oral dosage manufacturing facilities supporting domestic pharma supply,Strong Fit – India-based formulations company with manufacturing operations in Hyderabad,Low Fit – Generic formulations business with limited specialization or innovation depth,Generic medicine manufacturing focused primarily on standard oral dosage products,Low Fit – Oral solid dosage manufacturing involving standard formulation systems,Standard tablet and capsule manufacturing with pharmaceutical quality controls,Low Fit – Generic oral formulations sector experiencing steady but highly competitive growth,Increasing domestic demand for affordable generic oral medicines,Low Fit – Slow expansion in generic formulations manufacturing and distribution operations,Gradual scaling of generic medicine manufacturing and distribution infrastructure,60 – Low Fit,Low Fit for Federer right now,Generic formulations manufacturer supporting affordable medicine accessibility in domestic markets,
Pulse Pharmaceuticals,https://www.pulsepharma.com,"Patancheru, Hyderabad",Pharmaceutical Formulations,"Tablets, capsules, and formulations",₹300–₹800 Cr,Management Team,Low Fit – Pharmaceutical formulations company producing tablets and capsules,Standard pharmaceutical formulation manufacturing systems producing tablets and capsules,Strong Fit – India-based pharmaceutical formulations company operating from Hyderabad,Low Fit – Conventional formulations manufacturing operating in highly competitive markets,Formulation manufacturing concentrated on traditional pharmaceutical dosage categories,Low Fit – Pharmaceutical formulations manufacturing involving conventional production systems,Conventional formulation engineering and pharmaceutical production systems,Low Fit – Conventional pharmaceutical formulations market growing through domestic medicine demand,Steady demand for conventional pharmaceutical formulations in domestic markets,Low Fit – Moderate increase in formulations production capacity supporting market demand,Incremental expansion in formulation production operations and domestic market reach,65 – Low Fit,Low Fit for Federer right now,Conventional pharmaceutical formulations company serving growing generic medicine demand,
Maithri Drugs,https://www.maithridrugs.com,Medchal / Hyderabad outskirts,Bulk Drugs / APIs,Bulk drugs and APIs,₹300–₹900 C,Management Team,Low Fit – Bulk drug manufacturer producing APIs through conventional synthesis systems,Conventional bulk drug production infrastructure supporting API manufacturing,Strong Fit – India-based bulk drug manufacturer headquartered in Hyderabad,Low Fit – Standard bulk drug manufacturing with limited high-value pharmaceutical specialization,Bulk drug manufacturing operations focused mainly on standard API production,Low Fit – Bulk drug synthesis operations involving routine chemical process engineering,Routine chemical synthesis infrastructure supporting bulk drug production,Low Fit – Bulk drug manufacturing sector driven mainly by cost-efficient pharma supply demand,Bulk drug demand supported by generic pharmaceutical production growth,Low Fit – Incremental growth in bulk drug production infrastructure,Scaling of conventional bulk drug manufacturing infrastructure supporting pharma supply,55 – Low Fit,Low Fit for Federer right now,Bulk drug manufacturing company supporting India’s cost-efficient pharmaceutical production ecosystem,
Syngene,syngeneintl.com,Hyderabad,CRO,Drug discovery services,,,,,,,,,,,,,,35-Bad Fit,Bad Fit for Federer right now,,"CRO/services only, no manufacturing"
Suven Pharma,suvenpharma.com,Hyderabad,Pharma APIs,Generic APIs,,,,,,,,,,,,,,28-Bad Fit,Bad Fit for Federer right now,,"PE-acquired (Advent 2022), not founder-led"
Dr Reddy's,drreddys.com,Hyderabad,Big Pharma,Generic drugs,,,,,,,,,,,,,,45-Bad Fit,Bad Fit for Federer right now,,"Too large (>5,000Cr), enterprise not MSME"
Aurobindo,aurobindo.com,Hyderabad,Pharma APIs,Generic APIs,,,,,,,,,,,,,,40-Bad Fit,Bad Fit for Federer right now,,"Generic APIs only, no differentiation"
Hetero Drugs,heterodrug.com,Hyderabad,Big Pharma,"ARVs, generics",,,,,,,,,,,,,,32-Bad Fit,Bad Fit for Federer right now,,"Family business, no technical founder"
MSN Labs,msnlab.com,Hyderabad,Pharma APIs,Injectables,,,,,,,,,,,,,,38-Bad Fit,Bad Fit for Federer right now,,"Offshore focus, weak India manufacturing"
Shilpa Medicare,shilpamed.com,Hyderabad,Oncology Pharma,Cancer APIs,,,,,,,,,,,,,,42-Bad Fit,Bad Fit for Federer right now,,Oncology focus (not specialty biotech)
Neuland Labs,neulandlabs.com,Hyderabad,Custom Synthesis,Intermediates,,,,,,,,,,,,,,30-Bad Fit,Bad Fit for Federer right now,,Custom synthesis for MNCs only